UNIT,1988 Adult Male,1988 Fawn Male,1988 Adult Female,1988 Fawn Female,1989 Adult Male,1989 Fawn Male,1989 Adult Female,1989 Fawn Female,1990 Adult Male,1990 Fawn Male,1990 Adult Female,1990 Fawn Female,1991 Adult Male,1991 Fawn Male,1991 Adult Female,1991 Fawn Female,1992 Adult Male,1992 Fawn Male,1992 Adult Female,1992 Fawn Female,1993 Adult Male,1993 Fawn Male,1993 Adult Female,1993 Fawn Female,1994 Adult Male,1994 Fawn Male,1994 Adult Female,1994 Fawn Female,1995 Adult Male,1995 Fawn Male,1995 Adult Female,1995 Fawn Female,1996 Adult Male,1996 Fawn Male,1996 Adult Female,1996 Fawn Female,1997 Adult Male,1997 Fawn Male,1997 Adult Female,1997 Fawn Female,1998 Adult Male,1998 Fawn Male,1998 Adult Female,1998 Fawn Female,1999 Adult Male,1999 Fawn Male,1999 Adult Female,1999 Fawn Female,2000 Adult Male,2000 Fawn Male,2000 Adult Female,2000 Fawn Female,2001 Adult Male,2001 Fawn Male,2001 Adult Female,2001 Fawn Female,2002 Adult Male,2002 Fawn Male,2002 Adult Female,2002 Fawn Female,2003 Adult Male,2003 Fawn Male,2003 Adult Female,2003 Fawn Female,2004 Adult Male,2004 Fawn Male,2004 Adult Female,2004 Fawn Female,2005 Adult Male,2005 Fawn Male,2005 Adult Female,2005 Fawn Female,2006 Adult Male,2006 Fawn Male,2006 Adult Female,2006 Fawn Female,2007 Adult Male,2007 Fawn Male,2007 Adult Female,2007 Fawn Female,2008 Adult Male,2008 Fawn Male,2008 Adult Female,2008 Fawn Female,2009 Adult Male,2009 Fawn Male,2009 Adult Female,2009 Fawn Female,2010 Adult Male,2010 Fawn Male,2010 Adult Female,2010 Fawn Female,2011 Adult Male,2011 Fawn Male,2011 Adult Female,2011 Fawn Female,2012 Adult Male,2012 Fawn Male,2012 Adult Female,2012 Fawn Female,2013 Adult Male,2013 Fawn Male,2013 Adult Female,2013 Fawn Female,2014 Adult Male,2014 Fawn Male,2014 Adult Female,2014 Fawn Female,2015 Adult Male,2015 Fawn Male,2015 Adult Female,2015 Fawn Female,2016 Adult Male,2016 Fawn Male,2016 Adult Female,2016 Fawn Female,2017 Adult Male,2017 Fawn Male,2017 Adult Female,2017 Fawn Female,2018 Adult Male,2018 Fawn Male,2018 Adult Female,2018 Fawn Female,2019 Adult Male,2019 Fawn Male,2019 Adult Female,2019 Fawn Female,2020 Adult Male,2020 Fawn Male,2020 Adult Female,2020 Fawn Female,2021 Adult Male,2021 Fawn Male,2021 Adult Female,2021 Fawn Female,2022 Adult Male,2022 Fawn Male,2022 Adult Female,2022 Fawn Female,2023 Adult Male,2023 Fawn Male,2023 Adult Female,2023 Fawn Female
1C,167,75,168,55,154,54,132,46,181,63,152,64,275,114,231,75,361,159,294,137,400,204,407,176,422,232,479,181,453,272,484,206,575,281,553,217,507,226,462,212,554,217,545,308,638,258,618,351,745,347,789,397,786,289,676,293,691,355,767,335,759,321,938,438,650,264,772,328,614,260,911,291,850,275,937,295,781,228,876,274,805,308,1002,413,823,309,1253,392,958,378,1220,435,983,327,1211,465,985,259,1079,332,983,324,1188,378,1175,454,1467,395,1205,361,1401,430,1321,266,1241,379,1320,341,1222,370,1281,420,1271,435,1594,152,2125,253,1861,386,1909,369,1457,368,927,270,1310,254,862,274,1190,232,877,367
3A,1187,269,706,206,1373,157,349,135,1293,105,290,83,1650,128,368,114,1863,195,496,166,1499,151,438,123,1317,88,253,62,1717,110,338,87,1076,76,250,61,1142,72,238,61,1069,21,79,20,997,25,114,22,1141,27,125,24,983,39,150,32,1127,50,221,46,779,39,177,44,571,26,136,27,702,24,125,15,741,24,118,20,905,23,121,18,973,38,164,24,814,25,128,22,824,25,129,23,687,22,126,18,667,18,115,16,804,28,148,18,775,40,175,34,625,23,117,12,652,8,104,10,662,28,99,14,775,20,99,18,749,3,139,6,893,5,172,7,812,2,119,2,715,15,169,16,783,15,103,10
3C,730,182,471,141,862,125,270,108,799,87,230,70,830,80,221,70,1141,108,269,91,961,116,329,96,859,90,249,63,1081,102,314,88,844,116,371,93,933,105,339,88,889,102,381,89,997,123,432,102,1063,131,549,112,798,135,582,110,866,150,628,146,986,157,679,162,834,207,1027,218,299,72,295,64,508,64,284,55,490,131,483,101,433,99,423,91,514,102,420,76,538,54,247,41,786,64,292,62,645,78,444,74,679,82,365,63,578,62,377,70,547,38,262,36,692,32,263,33,629,50,280,38,761,48,311,59,728,30,341,33,850,63,548,66,472,22,260,24,756,28,289,25,717,45,262,39
3F,887,167,421,126,980,196,422,168,1144,160,420,127,973,179,509,163,1138,249,635,214,1125,245,707,204,873,216,625,158,957,169,517,136,991,182,594,149,1019,208,699,181,924,150,573,138,998,201,727,170,1139,202,867,178,1049,186,803,152,1113,231,960,218,1061,201,837,203,895,225,1136,244,781,192,800,169,775,146,610,130,910,185,694,147,906,175,766,161,767,200,858,162,810,157,697,121,846,120,598,124,913,137,787,131,776,187,836,134,682,133,765,145,556,72,533,78,755,72,525,72,595,77,452,62,630,70,477,88,611,53,527,59,527,60,532,74,256,22,239,25,349,13,179,13,405,13,165,13
3G,2013,438,1139,337,2302,498,1091,433,2384,399,1081,318,2112,402,1189,381,2688,607,1555,529,2304,700,2066,597,1721,425,1222,304,2106,324,1021,275,1921,440,1439,358,2071,389,1309,342,1994,401,1519,360,1974,432,1624,379,2145,395,1703,338,1631,340,1468,268,1540,353,1446,333,1359,275,1120,259,1368,297,1473,310,1167,199,828,176,1076,161,633,129,1117,178,677,152,1238,184,813,169,1096,167,736,138,1018,162,731,134,1096,123,606,116,1072,119,649,109,909,130,607,98,775,104,566,113,596,82,474,65,706,47,372,53,704,60,323,43,815,59,349,61,878,33,380,35,825,77,679,92,670,35,396,37,668,40,383,34,629,39,330,37
3H,2139,505,1318,389,2286,507,1110,440,2171,386,1058,312,2069,296,854,275,2367,385,983,336,1990,324,941,276,1797,205,588,150,2294,196,597,160,1951,289,935,234,2050,241,801,212,2158,287,1063,250,1972,320,1224,294,2401,277,1232,243,1862,317,1353,257,1954,289,1163,270,1483,252,1064,258,1084,104,521,109,1297,62,288,49,876,129,497,106,1181,211,786,177,1127,210,936,190,1245,175,809,147,1361,119,632,117,1534,133,733,140,1619,140,771,133,1577,179,852,139,1418,159,811,157,1210,116,690,93,1548,79,631,85,1364,169,771,100,1501,144,693,132,1864,106,1034,113,1862,146,1387,169,1719,97,957,87,1898,144,1105,122,1756,332,900,321
3J,966,252,650,192,1172,185,397,156,1085,162,435,126,1094,168,469,152,1550,223,561,194,1289,271,787,229,1138,191,548,140,1380,217,665,178,1247,237,780,196,1354,199,663,176,1265,228,855,203,1294,230,849,204,1392,205,881,178,1138,228,1007,187,1268,206,874,196,1316,200,801,188,1082,207,1044,224,626,131,579,122,712,158,672,141,679,187,710,167,684,152,687,144,797,170,721,134,769,135,589,109,1050,142,672,131,1086,135,741,126,974,163,748,118,857,137,856,165,734,92,598,90,907,98,663,100,808,85,518,73,879,84,512,97,974,59,599,61,988,94,785,107,565,31,372,37,697,47,450,41,691,46,362,45
3K,1496,358,925,271,1477,378,829,239,1417,255,699,205,1311,218,642,206,1481,243,620,210,1227,222,646,183,990,141,413,101,1282,126,395,108,1096,167,557,141,1450,140,468,121,1243,194,735,174,1227,186,697,164,1342,195,844,169,1258,177,770,143,1332,190,774,169,1150,145,608,146,922,103,495,104,833,27,112,20,656,77,331,65,655,102,409,84,701,85,360,72,569,73,313,58,692,53,213,38,777,55,274,49,674,33,194,29,718,48,199,30,743,41,191,39,543,20,114,14,783,13,126,14,720,39,205,28,767,36,190,35,709,14,207,16,862,41,411,44,887,21,288,18,1029,53,443,48,912,58,294,51
3M,1928,454,1168,347,2329,494,1072,427,2342,426,1141,343,2271,482,1400,445,3090,739,1887,645,2620,816,2407,698,2246,552,1596,399,2458,522,1629,434,2518,596,1937,486,2937,564,1905,500,3096,636,2382,562,3229,687,2510,596,3441,735,3143,633,2745,659,2858,524,3062,762,3113,702,2899,735,2997,716,2459,637,3202,685,2514,547,2228,473,2820,491,2067,429,2765,701,2520,566,3052,660,2884,599,3204,977,3991,762,3201,913,3920,695,3498,764,3440,728,3470,709,3983,667,3274,834,3669,590,3056,676,4220,785,2162,422,2983,457,2880,453,2981,467,2553,429,2750,391,2837,399,2765,500,3024,307,2661,331,2546,366,2696,405,2023,221,2024,242,2199,271,2180,237,2190,203,1760,210
3N,760,165,409,122,832,162,342,137,885,137,368,112,817,150,425,137,920,175,438,153,799,188,540,157,860,139,408,103,916,183,574,155,750,157,517,132,886,154,518,136,647,107,383,87,666,110,393,96,740,109,452,90,620,88,382,72,696,117,472,105,747,148,600,144,626,124,622,132,578,127,514,108,540,88,382,76,604,84,323,67,593,109,487,100,575,123,511,95,578,74,344,56,557,75,339,65,585,71,374,65,470,81,355,56,412,46,276,51,400,44,288,43,422,35,249,35,367,34,199,26,419,31,208,36,423,21,220,23,240,24,227,28,280,11,140,12,327,19,182,16,277,12,124,10
3P,304,78,199,59,345,76,162,64,390,61,163,49,369,84,246,80,462,88,223,77,359,86,247,72,261,54,157,41,337,62,184,50,294,54,162,48,323,54,192,47,344,48,169,39,353,63,206,57,435,73,264,60,322,50,218,50,401,81,323,73,336,48,205,48,337,49,237,51,278,47,155,32,317,37,132,34,387,51,190,41,331,74,316,64,316,61,249,48,244,47,216,41,284,22,119,21,239,27,151,26,209,34,153,22,172,18,105,23,147,12,67,5,180,11,72,12,189,12,61,8,186,8,49,11,231,6,81,7,188,13,133,18,177,6,79,7,204,8,115,6,196,9,79,10
3R,112,20,49,16,116,20,42,17,163,16,40,13,138,22,58,19,197,21,50,17,151,25,67,21,83,14,35,9,128,18,58,17,134,28,81,22,128,25,82,22,132,23,74,18,143,17,53,14,123,13,59,12,139,13,46,11,172,17,66,17,158,18,77,20,110,10,52,12,165,23,97,23,114,31,130,27,156,25,93,20,158,18,72,15,146,28,121,22,145,21,91,14,139,20,91,19,215,21,107,18,162,24,108,16,216,18,111,19,208,26,170,29,198,18,119,17,184,21,125,17,197,15,82,15,247,11,122,11,258,15,145,18,192,8,107,11,223,13,106,10,210,11,75,7
3S,556,103,152,66,596,107,148,64,753,119,185,76,423,151,380,125,550,363,868,289,476,223,604,219,494,253,581,215,498,226,642,192,603,224,674,212,548,174,611,175,556,162,540,190,665,168,562,199,594,164,589,213,682,161,587,141,559,215,674,210,557,177,669,230,638,160,690,199,587,161,755,191,596,155,806,167,654,179,858,213,609,155,767,209,612,144,843,170,614,183,907,206,545,138,788,177,509,103,677,121,541,119,453,125,403,130,439,107,376,109,472,136,562,93,460,144,512,96,355,98,585,118,353,111,647,37,498,65,677,94,422,89,486,81,226,58,526,57,201,57,501,55,210,84
4A,489,116,292,87,570,71,166,63,709,109,294,89,641,174,508,161,709,99,254,90,553,64,186,56,520,66,187,46,690,61,179,49,693,65,206,52,752,69,237,61,871,53,205,48,848,81,297,71,791,83,356,70,794,77,306,52,800,61,255,58,615,70,305,71,483,56,279,60,568,55,234,40,670,62,246,49,664,75,289,55,709,64,280,47,771,81,364,64,755,70,335,57,853,60,300,52,985,57,346,51,988,86,377,55,1022,75,455,90,967,67,454,65,1281,76,552,77,1206,105,567,82,1127,105,676,121,1039,46,524,52,1242,75,718,87,1148,47,607,53,1209,76,664,65,1018,76,511,69
4B,333,99,242,74,407,119,259,105,467,98,265,80,365,97,278,89,365,102,248,86,252,56,157,47,301,56,167,42,402,95,292,77,332,93,305,76,380,77,263,70,447,68,262,61,374,86,306,73,375,75,321,63,347,72,320,56,325,72,314,73,244,65,271,62,247,60,298,62,255,77,312,70,246,43,195,44,165,52,198,43,206,31,149,33,263,38,167,34,262,48,219,35,329,39,174,38,400,44,248,42,314,43,206,30,339,45,310,61,278,34,252,42,318,34,211,33,405,43,272,38,415,44,285,53,387,25,225,26,479,39,312,45,360,32,305,36,419,37,326,32,344,35,254,37
4C,473,70,181,56,569,77,167,67,599,111,296,88,641,154,434,137,757,126,320,108,669,110,322,92,714,121,350,86,691,143,447,118,702,93,298,75,731,94,313,83,756,82,299,70,753,102,383,94,815,102,438,87,760,135,584,110,648,136,577,128,495,80,328,71,512,70,348,73,490,75,319,63,491,40,179,36,492,44,186,36,635,38,187,34,596,78,350,60,627,50,248,42,615,66,325,55,737,55,309,48,652,109,493,79,638,99,497,103,582,79,460,62,725,62,475,69,645,82,407,53,586,60,346,64,603,32,329,33,706,68,582,79,641,35,411,36,591,54,430,49,556,66,315,67
4F,3048,889,2327,686,3206,530,1160,458,3551,646,1768,518,4225,859,2088,543,4022,1006,2498,860,3251,780,2287,661,3140,578,1674,419,3759,579,1815,483,3298,549,1795,449,3933,572,1910,503,4092,504,1872,443,3689,573,2075,491,4327,620,2665,536,3919,585,2530,464,3819,747,3057,686,2898,574,2425,566,2445,389,1962,411,2627,368,1533,319,3058,306,1291,266,2922,416,1561,344,3298,413,1847,367,3329,485,2043,372,3725,489,2167,378,3333,414,1917,395,4440,364,2035,336,4142,502,2269,357,4381,468,2875,531,3869,373,2497,374,4112,421,2832,425,4313,437,2644,370,4136,442,2929,535,3988,269,2515,296,3822,384,3047,430,3754,211,2267,237,3680,320,2716,286,3439,227,1934,223
4G,982,285,734,216,1038,191,414,165,1216,250,681,203,1134,304,885,282,1227,230,590,199,907,202,600,175,945,179,520,130,1083,143,454,122,835,102,318,81,1053,110,359,94,1178,102,369,89,1134,142,521,121,1200,149,632,128,1052,162,712,129,1107,159,681,153,931,166,700,161,725,115,574,118,789,120,522,103,940,89,380,72,889,144,550,118,963,105,485,93,858,106,466,91,941,118,522,85,930,91,461,88,724,101,588,97,766,116,531,84,904,101,650,118,726,61,401,59,863,65,506,68,835,77,417,59,805,79,495,90,786,37,452,46,913,72,664,75,1147,40,542,47,1028,72,685,70,920,71,571,72
4H,859,224,573,171,908,170,365,144,1144,220,599,179,1073,269,790,254,1074,248,638,219,773,190,550,160,835,169,487,123,1001,169,537,143,769,129,413,104,834,144,473,124,1006,114,421,100,894,131,497,122,1026,120,519,102,883,146,639,122,944,181,746,172,789,136,571,139,651,110,546,117,632,105,449,96,737,59,254,52,733,87,345,72,674,74,311,63,701,95,398,67,658,72,343,61,804,56,277,49,948,67,378,60,831,83,379,60,981,74,408,73,801,51,341,49,985,54,405,51,850,60,321,43,916,56,349,63,846,26,338,28,965,62,546,66,1095,35,454,32,1011,65,583,59,957,58,420,50
4J,89,16,24,8,102,19,25,10,147,24,36,14,158,34,71,23,144,42,98,32,135,35,84,23,141,53,133,36,144,54,174,38,145,57,152,43,141,66,206,55,101,68,179,68,140,62,202,76,141,57,217,69,90,64,213,61,133,81,241,88,141,70,232,94,191,55,231,70,134,55,228,64,141,41,196,40,139,48,242,63,184,33,165,42,183,46,227,47,210,51,164,44,220,47,212,60,221,36,197,45,208,56,214,63,190,53,179,43,151,44,183,56,223,38,178,56,273,44,150,49,217,41,118,43,262,14,220,28,415,63,262,54,282,60,158,44,305,53,178,56,262,26,142,50
4K,458,80,196,57,620,87,183,72,699,120,319,95,703,151,433,139,819,130,322,109,637,99,283,84,634,93,260,67,666,98,302,80,567,56,181,45,696,64,208,58,765,65,235,55,789,92,342,80,739,108,462,89,619,98,407,80,587,120,495,110,548,78,348,80,433,73,356,75,374,53,224,44,375,25,109,23,369,29,127,21,396,21,105,19,405,19,106,15,394,25,152,26,524,30,177,29,607,34,199,25,585,53,268,40,539,56,334,59,694,50,344,43,608,50,385,53,556,54,287,36,672,79,421,76,691,32,401,37,822,61,607,69,713,40,479,42,735,61,500,58,619,55,402,56
4L,453,76,196,58,538,89,191,76,549,80,218,63,592,98,290,93,625,66,168,57,485,37,105,31,530,34,96,25,548,35,101,29,406,14,43,12,503,17,51,12,578,17,58,16,581,25,96,22,578,50,218,44,523,49,211,38,511,91,378,84,350,47,201,49,350,38,198,42,268,35,140,28,296,14,64,12,279,18,87,17,366,16,74,9,310,13,69,11,288,16,71,12,409,16,81,17,400,19,111,21,322,15,84,14,353,20,88,17,429,17,96,13,439,6,92,6,398,25,117,15,479,23,118,23,411,4,120,5,467,18,229,20,523,7,149,6,383,22,194,21,397,14,147,14
4O,1795,469,1220,361,2056,257,566,220,2246,364,996,292,2514,476,1353,430,2594,544,1364,468,2124,467,1354,390,1728,319,912,233,2201,326,1009,271,1788,243,766,196,2127,239,767,206,2161,206,726,176,1984,235,826,194,2424,252,1013,215,2010,255,1011,196,2141,379,1482,340,1403,271,1101,267,1200,173,813,169,1292,55,227,49,1483,72,268,53,1717,171,636,137,1864,179,785,154,1846,175,788,138,2114,175,800,135,1785,81,451,71,1457,113,604,93,1702,160,757,122,1875,187,1077,191,1588,110,745,102,1677,88,681,82,1607,126,637,93,1888,112,599,110,1969,76,885,86,1812,114,1107,130,1777,61,772,54,1751,102,836,90,1759,117,722,110
4P,1032,291,767,224,1141,149,330,131,1287,192,529,156,1402,262,768,243,1499,347,896,305,1147,266,776,224,1026,185,536,133,1420,244,771,205,1012,149,499,123,1109,153,520,139,1128,128,481,112,955,124,445,107,1239,137,589,120,952,119,522,98,1089,177,727,163,679,131,533,130,591,78,415,91,569,15,65,12,690,17,69,12,803,61,243,56,1045,94,405,76,977,134,551,101,1074,116,495,82,884,71,336,65,580,76,448,77,770,106,490,81,901,90,576,106,707,47,337,51,720,66,478,67,675,49,291,39,834,58,368,67,862,35,401,38,823,66,562,71,833,32,403,38,857,49,429,46,900,38,396,38
4R,677,192,503,150,764,102,222,86,905,127,347,104,1033,193,566,182,1027,238,611,206,806,177,516,148,777,161,476,119,1117,171,529,145,701,92,299,75,831,95,315,84,723,81,308,74,682,78,262,60,832,68,289,60,640,85,379,70,740,99,403,92,559,93,385,87,413,47,249,55,432,13,60,11,535,15,54,8,602,70,253,55,652,91,408,90,616,68,288,55,650,62,278,49,659,62,273,53,409,60,363,60,472,62,293,45,571,60,363,66,476,38,234,35,546,33,225,33,574,36,215,28,581,40,273,50,555,21,243,23,614,34,342,41,736,23,338,26,622,42,397,38,667,29,295,31
4S,594,150,389,113,669,164,359,144,636,126,345,102,619,155,448,143,606,118,299,101,509,66,194,55,573,51,147,40,689,74,229,61,508,37,118,31,607,41,138,34,556,43,154,34,542,47,165,41,582,37,146,34,545,54,224,43,555,60,234,53,506,55,229,56,478,43,235,49,398,54,220,44,457,17,66,13,489,34,128,27,518,37,173,32,519,35,190,30,508,30,141,22,679,21,121,20,459,83,428,68,413,61,269,48,480,42,217,36,414,30,184,27,580,25,225,26,477,59,289,38,544,51,302,61,504,21,245,21,649,39,388,47,445,29,312,27,562,34,293,33,521,55,226,54
4T,324,66,169,50,411,91,200,74,441,87,240,70,366,106,311,101,447,52,125,40,453,112,326,94,456,122,358,90,536,151,478,130,411,72,236,57,436,91,317,85,543,96,359,81,518,104,389,93,559,116,501,106,436,135,598,110,467,106,449,102,445,102,418,104,411,128,661,141,328,79,319,72,360,51,189,39,398,78,289,65,433,69,308,65,351,91,366,72,392,77,345,60,442,75,359,77,534,89,516,92,356,112,493,78,357,72,438,79,327,64,432,61,382,56,390,58,292,58,366,51,340,48,324,57,333,30,281,32,374,45,366,54,214,21,222,23,274,29,264,28,289,19,175,20
4U,336,49,122,37,398,56,118,49,488,97,255,76,528,116,329,107,660,129,327,114,496,151,441,127,547,138,399,96,516,158,490,132,422,85,277,69,546,117,389,101,528,92,362,90,555,114,422,99,559,120,513,106,443,108,473,86,477,94,377,85,392,81,335,80,306,52,250,52,194,39,175,35,229,8,43,7,259,11,54,8,258,21,95,19,220,9,53,9,250,18,84,13,356,13,67,8,364,13,67,7,326,21,115,17,316,14,82,13,338,13,68,12,384,8,83,7,322,22,97,15,427,21,102,20,313,5,105,7,395,18,189,17,345,7,145,6,381,23,175,17,287,13,99,10
4W,1535,447,1167,343,1555,242,532,209,1536,255,704,205,1738,355,1055,336,1891,421,1083,370,1503,351,1040,301,1085,220,644,159,1545,254,799,213,1136,176,573,143,1176,156,524,137,1244,112,414,100,1253,103,374,91,1534,117,489,98,1136,122,530,98,1514,256,1056,234,721,153,634,155,613,89,417,90,713,17,86,13,972,21,122,23,1121,95,362,74,1397,107,518,105,1242,148,610,112,1337,120,534,93,1222,71,349,67,794,80,482,79,1014,134,610,98,913,100,589,111,759,46,348,52,785,35,273,33,772,47,228,35,834,54,307,54,931,35,373,39,985,66,580,68,899,36,423,39,1044,55,449,50,960,60,374,61
4Y,699,156,403,119,933,198,429,171,935,174,470,139,890,269,794,258,1151,357,921,314,944,247,721,210,943,277,810,205,1014,345,1100,290,942,302,997,251,983,245,822,215,981,238,881,206,981,243,903,215,1134,232,1008,198,899,196,871,163,848,239,977,220,669,187,773,182,662,181,928,199,520,140,565,124,538,59,272,56,569,94,371,84,595,107,455,91,550,110,463,86,475,84,384,72,633,58,297,62,623,89,505,83,573,103,469,78,475,92,537,109,452,58,403,59,520,57,379,61,407,58,359,46,507,58,374,68,427,35,327,37,566,52,439,62,334,25,239,26,325,31,307,29,326,26,183,28
4Z,891,249,645,192,1198,306,667,267,1137,222,604,180,1123,227,649,202,1359,324,826,282,1117,335,998,288,1157,332,966,241,1473,404,1275,341,1123,361,1188,296,1264,315,1064,276,1274,248,947,220,1322,263,947,223,1318,311,1339,269,1037,236,1035,188,957,228,944,209,832,157,672,162,860,171,856,182,718,143,592,123,578,88,360,79,669,45,166,30,651,73,339,67,577,32,169,27,603,41,206,35,780,49,268,40,690,37,207,33,629,52,257,43,527,50,246,50,481,46,242,36,664,41,302,44,567,60,270,35,645,55,304,57,590,28,324,32,745,52,518,67,632,34,349,32,657,54,428,48,572,68,335,66
5A,308,2,2,1,350,6,12,4,295,4,14,4,389,13,54,13,480,18,90,9,497,13,93,11,545,18,125,16,689,25,135,20,665,27,152,23,596,29,214,21,491,39,167,27,719,45,206,31,727,56,234,37,519,43,173,33,496,54,220,36,538,35,155,29,442,37,165,25,412,28,139,19,474,44,205,30,520,44,214,33,589,38,198,33,523,60,300,46,434,43,245,36,410,35,194,26,447,34,195,27,423,29,170,24,450,30,170,31,455,25,180,21,510,22,174,15,542,32,124,19,759,50,241,35,804,14,260,16,747,22,394,20,895,15,225,9,787,36,255,30,878,45,200,45
5C,357,2,5,2,390,6,14,5,317,4,10,3,451,8,39,10,528,12,67,9,520,12,62,9,452,12,57,7,603,15,90,10,517,9,62,11,582,20,114,14,476,19,105,17,637,23,132,18,668,26,132,17,480,18,89,14,493,25,120,21,568,27,122,19,436,19,94,13,455,18,89,15,583,33,153,25,758,34,163,19,692,24,125,20,424,14,105,11,395,19,83,13,433,19,111,16,486,24,132,21,581,18,125,17,461,26,146,25,488,25,147,22,480,10,85,8,528,18,60,10,691,22,116,18,808,3,184,8,703,7,218,11,794,8,147,6,955,26,209,20,892,18,128,15
5F,703,5,15,5,671,7,18,4,586,8,22,6,657,13,64,12,705,13,90,12,655,10,66,9,516,3,11,3,574,1,10,2,563,7,44,7,657,11,58,8,511,9,49,6,576,10,64,9,677,10,55,7,606,9,53,5,585,20,85,15,537,0,0,0,558,29,137,19,592,21,111,18,589,37,157,26,690,36,182,29,803,25,145,23,552,31,145,17,522,29,156,21,602,30,184,22,633,28,178,28,679,39,198,29,546,22,127,19,548,29,206,33,575,11,95,8,600,22,84,12,730,22,120,18,651,1,112,3,607,5,155,3,647,4,105,1,703,12,123,8,693,9,88,5
5G,661,10,36,13,741,17,50,15,748,11,33,8,961,35,151,35,1005,36,188,27,976,20,143,16,907,24,156,22,999,15,53,12,914,31,140,22,1178,38,207,32,1245,47,278,38,1271,45,254,36,1331,33,219,34,1025,42,229,36,1249,75,327,47,1184,17,73,18,1149,67,343,56,1091,67,308,42,1205,91,405,53,1055,82,400,57,1115,63,323,47,761,61,297,38,805,41,241,38,840,51,311,37,1017,53,322,43,1023,55,352,53,867,46,252,39,983,61,376,43,1024,37,357,27,1158,61,221,34,1242,71,363,48,1355,13,340,19,1257,17,471,22,1149,15,314,9,1236,58,396,52,1176,56,249,51
5H,1776,21,53,17,2013,31,89,24,1792,23,76,22,2010,53,251,52,1946,62,345,36,1870,46,290,36,1559,25,139,15,1877,10,26,8,1595,46,224,37,1863,31,164,25,1977,42,235,35,2143,63,332,47,2313,52,275,37,1961,57,310,48,2253,102,456,78,1891,32,150,35,1890,110,514,79,2076,103,495,72,2159,122,584,83,2381,139,661,101,3020,115,594,86,1520,72,385,58,1570,86,469,56,1625,63,375,46,2114,76,469,73,2498,90,560,82,2191,97,488,82,1823,77,521,66,1921,37,324,30,1944,77,280,45,2060,68,329,55,2222,9,356,16,2070,20,521,19,2053,16,306,6,2244,60,440,50,2232,50,278,43
5J,464,10,24,8,510,10,27,7,549,9,22,8,702,28,93,23,793,31,122,23,703,16,85,15,556,19,82,16,732,17,43,10,646,25,105,23,760,34,144,28,851,42,216,35,943,44,208,36,1063,40,218,35,892,40,207,36,1050,92,393,68,831,30,135,33,863,67,327,57,787,76,334,48,908,82,370,57,862,83,382,56,862,75,377,57,755,63,375,52,784,54,342,42,877,59,330,41,1037,63,365,49,1074,70,397,56,966,56,358,55,923,42,282,33,1072,35,326,24,965,55,206,32,1011,72,327,54,1040,13,324,17,1075,13,409,14,992,10,269,6,1114,42,305,33,1050,26,213,17
5R,387,61,155,44,462,45,90,35,581,59,157,48,815,180,427,111,676,160,403,139,417,62,185,53,482,85,247,60,565,84,269,73,540,66,207,52,562,87,289,73,617,106,392,94,638,141,514,123,681,129,548,110,684,182,794,145,705,150,636,143,482,125,521,123,424,58,306,63,487,62,258,51,523,59,274,55,581,123,450,100,586,122,550,113,633,112,449,81,600,124,541,94,842,143,643,132,945,213,1201,201,797,158,697,113,701,124,752,137,719,99,704,109,698,81,710,125,686,90,542,84,555,88,613,105,706,58,553,59,813,103,820,117,873,58,630,67,854,85,779,80,802,76,641,75
5S,797,187,480,141,929,110,235,96,1040,170,455,135,1244,301,853,263,1245,222,572,195,1040,128,370,108,1041,118,341,86,1160,109,331,89,1161,81,254,66,1316,65,206,52,1462,177,660,158,1560,257,963,226,1720,261,1145,223,1612,415,1805,342,1544,425,1748,400,1142,145,664,151,1066,102,501,94,1046,115,541,100,1267,152,602,122,1189,165,680,144,1311,151,687,136,1569,192,949,170,1494,224,1070,196,1730,165,898,167,1642,218,1176,199,1558,238,1104,189,1295,234,1093,236,1199,161,904,117,1286,109,950,143,1339,177,807,103,1254,155,871,160,1113,72,725,78,1324,84,908,100,1254,93,848,69,1262,99,751,85,1068,169,487,169
5T,231,41,109,32,272,24,52,20,339,35,101,30,385,84,233,69,369,70,186,61,291,37,105,29,313,29,89,21,366,32,99,28,365,19,68,17,476,26,90,23,477,53,200,43,534,59,221,53,564,62,277,54,535,97,426,76,502,117,484,106,355,32,143,30,365,26,120,25,336,26,118,20,461,42,175,34,459,52,217,40,492,41,190,37,419,42,202,29,421,29,137,21,498,31,183,36,483,30,217,35,364,33,159,22,317,28,167,33,396,16,101,14,432,8,93,8,406,25,86,11,418,25,112,20,325,3,120,5,418,13,206,17,420,5,164,3,441,22,184,19,370,30,143,25
6A,943,6,7,4,1174,9,10,4,1309,10,11,6,1560,12,22,7,1932,23,33,9,2154,21,44,14,2564,26,48,14,3306,122,680,97,3582,135,760,122,3439,208,1479,164,3578,359,1308,251,4156,541,2029,391,4459,876,2888,665,3622,780,2564,548,3401,873,2731,646,2857,581,2195,498,2223,564,2134,454,2152,307,1217,239,2339,385,1391,278,2445,348,1424,278,2266,242,1485,215,2142,214,1397,172,2050,221,1159,195,1838,174,1072,147,2125,116,689,102,1921,137,772,123,1910,133,714,134,1699,67,376,51,1953,51,430,52,2563,103,398,56,2417,99,446,81,3261,37,586,41,3256,43,815,47,3145,90,1031,69,3173,165,1025,138,3054,215,1147,214
6C,1179,14,27,9,1324,18,37,12,1322,16,34,11,1634,32,114,30,1698,43,201,27,1742,57,376,47,1710,16,36,10,2455,78,429,62,2436,93,535,90,2510,122,755,97,2299,178,776,124,2738,230,1070,175,2864,290,1180,208,2331,349,1295,255,2094,437,1492,333,1663,303,1226,269,1372,251,1039,206,1340,203,814,158,1565,181,685,131,1892,218,899,171,1955,185,1030,155,1964,211,1457,185,1792,229,1221,212,1720,172,1069,142,1875,170,1115,166,1816,182,1062,158,1615,207,1022,188,1431,129,767,85,1605,90,703,90,1831,132,616,81,1919,172,955,138,2189,88,1146,82,1873,150,1597,108,2039,78,837,62,2188,178,1068,153,2101,141,948,143
6F,1709,25,64,20,1719,29,65,22,1703,29,73,23,1804,62,260,57,1728,67,374,46,1634,57,382,48,1355,14,46,7,1832,30,149,25,1420,43,246,40,1619,32,182,24,1528,53,328,43,1934,69,408,59,2058,72,417,58,1705,66,353,49,1516,71,329,53,1190,58,309,52,824,39,186,27,883,30,152,21,984,54,226,30,1224,50,220,35,1321,43,184,25,986,36,215,34,947,43,251,37,780,41,210,26,972,28,165,21,920,29,196,32,636,42,201,35,577,27,182,22,608,11,69,9,888,17,67,9,802,8,77,6,952,7,73,7,862,2,77,2,845,4,126,1,911,13,122,6,898,31,99,30
6G,557,6,13,3,691,14,21,7,722,10,17,6,971,19,31,13,1249,24,50,16,1255,25,48,16,1294,22,41,13,1954,61,307,50,1957,83,427,72,2474,130,704,105,2446,223,813,158,3005,352,1362,287,3148,605,2183,460,2834,629,2204,468,2703,716,2443,560,2624,639,2532,591,2342,588,2317,488,2293,490,1921,400,2418,534,1740,396,2602,548,2062,455,2766,432,2607,398,2806,378,2923,344,2646,542,2937,574,2463,383,2663,348,3189,390,2824,386,2995,533,3267,485,2771,624,3087,554,2390,360,2150,268,2519,274,2305,389,2882,363,2020,316,3089,417,2592,332,3353,253,2650,220,3370,466,3762,315,3128,265,2652,296,3231,459,2482,421,3182,244,2377,266
6H,129,0,0,0,117,1,1,1,138,0,2,1,147,2,3,1,179,4,21,4,173,4,27,4,158,1,2,1,264,10,51,7,256,7,42,7,258,11,60,8,203,7,30,6,178,16,52,10,226,20,71,11,123,8,36,8,441,19,64,9,167,43,154,40,202,57,210,51,173,27,114,25,212,52,165,41,244,43,146,31,194,31,193,31,171,18,140,17,196,36,203,37,151,17,119,16,210,25,170,21,246,24,146,19,166,26,159,28,137,14,77,11,205,15,121,19,221,21,110,14,261,26,145,20,181,7,105,5,167,18,169,13,178,9,106,11,192,27,148,25,165,4,89,5
6J,1814,25,68,24,1793,30,78,25,1558,27,80,24,1822,54,208,45,1697,67,381,42,1809,63,427,52,1323,13,39,11,1715,22,80,14,1660,55,312,48,1708,45,276,40,1587,65,366,53,1775,76,439,64,1715,75,432,62,1369,83,369,62,1238,116,457,90,918,79,365,71,728,68,314,53,885,67,296,54,1061,86,343,59,1415,84,382,65,1621,68,386,59,898,54,278,38,873,47,238,34,920,47,271,40,1150,52,301,45,1175,49,318,48,861,44,239,43,727,32,236,35,901,12,85,9,965,13,51,5,972,10,75,8,1005,5,84,5,907,6,130,8,846,9,167,6,1075,25,185,19,1121,31,108,29
6K,1215,21,46,17,1447,24,41,20,1495,27,65,20,1836,44,82,30,2077,63,142,39,1999,59,158,41,1596,32,67,19,2179,39,96,26,2008,87,353,68,2245,100,449,82,2554,138,587,100,2994,172,783,134,3330,246,1053,193,2762,401,1423,284,2705,693,2221,532,2166,486,1828,421,1649,304,1194,243,1814,250,1083,192,2169,303,1101,220,2436,327,1335,252,2670,301,1962,254,2171,185,1419,144,2462,268,1486,263,2453,209,1427,174,3135,249,1757,241,3201,324,2014,288,2671,355,1885,321,2169,179,1134,140,2358,151,1251,200,2248,182,998,152,2530,220,1348,173,2968,100,1323,92,2854,215,2075,156,2974,117,1394,128,2892,291,1636,253,3066,136,1460,140
6N,506,1,4,2,531,4,2,2,537,4,4,2,698,6,13,5,680,18,94,12,790,19,116,12,687,3,6,1,891,3,11,3,710,17,104,17,596,19,89,14,819,5,4,0,1066,42,238,38,1288,48,278,41,949,47,251,37,716,25,95,26,479,23,108,28,408,20,90,16,522,19,93,19,587,26,78,21,827,27,106,29,741,36,153,41,606,23,146,27,645,35,178,41,787,27,144,27,1047,29,139,25,986,41,186,34,616,41,155,42,500,35,152,21,764,24,167,27,739,29,119,13,558,31,165,28,670,15,124,14,810,9,163,15,778,9,112,6,783,18,131,15,677,58,61,58
6P,224,59,144,45,239,51,109,36,280,64,162,49,291,57,127,45,380,69,147,54,343,94,230,65,241,75,168,54,371,78,194,54,299,77,175,53,322,81,191,62,324,69,171,46,317,74,215,49,359,79,211,63,324,71,198,49,274,64,200,58,275,49,172,44,218,46,165,39,294,34,160,28,332,64,269,49,329,36,182,23,284,27,195,16,265,24,169,19,341,54,202,41,345,49,195,37,488,81,292,60,425,90,326,74,431,103,409,84,381,67,295,57,469,70,353,65,405,72,282,57,483,98,420,91,533,60,396,53,495,92,537,78,510,58,407,53,529,99,541,95,510,84,447,71
6R,227,2,8,6,278,4,6,3,342,4,8,1,319,9,13,2,390,6,16,5,438,32,89,24,428,49,124,36,577,51,155,43,498,90,259,67,626,96,288,75,686,81,281,69,630,119,414,99,794,121,484,107,814,133,505,98,752,148,581,134,611,123,493,120,582,84,366,76,707,146,642,128,825,105,455,92,769,153,568,118,730,123,574,117,999,151,672,113,1084,172,720,136,1019,138,593,121,1025,135,652,117,1001,165,717,119,1100,148,851,159,1026,114,680,99,1151,142,915,144,1028,123,686,102,1183,128,781,143,1126,72,695,76,1069,118,948,126,1037,63,692,66,1124,96,878,93,1004,70,656,71
6S,998,301,752,227,1024,205,441,166,1479,310,798,240,1360,326,764,214,1322,334,808,282,1082,357,1004,285,923,244,650,168,1156,223,640,175,959,208,601,155,1171,176,525,148,1168,133,430,109,1090,145,499,116,1359,156,575,129,1292,169,648,129,1261,199,719,164,950,135,521,125,875,104,503,108,1043,154,615,132,1154,142,548,119,1185,176,665,141,1264,153,654,128,1439,183,792,151,1598,172,727,134,1531,182,801,159,1867,162,837,146,1796,216,918,172,1862,220,1108,210,1554,160,957,148,1762,178,1118,179,1558,176,911,138,1613,186,1010,200,1452,95,876,99,1593,170,1248,167,1565,106,1020,110,1366,136,985,120,1390,108,793,97
7A,588,66,135,45,904,55,106,35,984,132,306,95,1143,208,451,153,1416,299,651,228,1115,340,868,248,728,150,332,98,1024,135,335,93,1132,240,553,160,1106,270,635,209,959,166,413,114,897,173,497,118,1130,231,640,185,998,172,496,122,1086,200,609,155,754,145,479,123,658,94,355,79,780,35,176,31,1057,158,479,116,1034,129,485,103,1218,198,743,161,1304,159,657,132,1392,203,765,154,1534,217,835,168,1711,222,836,176,1699,256,933,199,1541,256,1024,216,1344,187,830,152,1553,208,1122,194,1494,249,963,189,1764,268,1121,241,1818,190,1234,166,1647,267,1692,240,1335,162,1212,147,1636,168,960,154,1458,188,939,163
7F,1037,322,771,249,1150,217,467,156,1252,334,827,248,1269,386,850,286,1470,363,790,277,1305,492,1254,356,992,347,774,236,1295,242,593,166,1113,387,885,254,1281,377,877,286,1324,291,730,198,1349,352,1023,244,1398,449,1230,359,1401,463,1326,314,1365,446,1249,342,1277,346,1140,295,1036,410,1363,340,1035,291,1017,238,1145,321,957,233,1303,398,1382,318,1422,383,1411,325,1643,430,1677,360,1911,581,2100,443,1857,503,1816,374,2003,516,1886,411,1830,622,2166,493,1798,452,1790,393,1419,367,1553,289,1552,354,1730,334,1574,317,1257,250,1711,367,1545,336,1717,223,1367,196,1593,276,1679,242,1530,185,1326,169,1625,281,1511,264,1567,225,1199,196
7H,965,330,791,253,898,324,717,239,906,260,642,193,986,303,669,220,1015,332,711,252,871,389,997,282,699,250,557,169,860,168,410,117,829,231,530,154,919,252,575,186,890,248,618,175,984,265,774,182,1039,298,817,234,1051,293,838,205,1152,313,897,244,1189,268,905,235,983,300,1029,248,1033,435,1454,350,1092,309,918,238,1187,343,1168,277,1161,351,1276,296,1374,347,1383,300,1355,446,1660,362,1330,472,1737,369,1588,443,1609,353,1271,390,1396,305,1087,317,1206,264,874,212,930,173,802,197,980,190,918,174,704,139,919,205,863,187,939,136,815,119,1005,185,1088,161,916,111,777,105,970,144,778,137,889,130,651,110
7J,1908,695,1657,522,1982,529,1176,393,1985,496,1231,368,2006,627,1378,451,2415,619,1338,472,1926,763,1950,551,1521,408,915,275,1885,347,847,243,1778,424,973,287,2018,475,1103,361,1945,521,1272,354,2048,521,1531,360,2473,603,1642,474,2347,552,1574,377,2282,601,1710,477,2238,517,1687,452,1734,486,1688,400,1976,387,1393,318,1911,552,1674,417,2207,560,1975,444,2325,582,2167,490,2827,660,2652,561,2934,755,2817,592,3059,749,2773,574,3286,805,2925,646,3037,1001,3482,783,3197,905,3509,770,2556,656,2803,522,2385,545,2716,518,2250,561,2223,443,2413,633,2724,594,2573,412,2468,361,2490,514,2980,447,2227,360,2511,339,2454,480,2590,453,2470,435,2234,377
7M,4012,1442,3489,1110,3645,1193,2677,892,3551,962,2405,717,3670,914,2030,668,4193,988,2140,760,3213,1240,3183,897,2442,520,1146,349,2815,405,983,278,2801,489,1107,319,3360,528,1216,397,3495,728,1824,502,3585,910,2677,632,4105,939,2545,747,3598,814,2319,561,3256,596,1682,460,2847,465,1558,399,2312,238,923,194,2788,165,705,134,3180,508,1564,378,3574,588,2094,476,3719,757,2795,629,4128,557,2283,459,4485,631,2438,497,4227,710,2749,560,4657,682,2649,544,4757,780,2883,625,4532,805,3178,684,3787,580,2612,461,3953,557,2878,531,4041,653,2536,487,4135,772,3324,721,4077,500,3138,444,3607,580,3582,516,3371,377,2764,346,3675,538,2948,505,3599,455,2354,391
7P,1435,436,1062,337,1339,275,617,207,1380,264,655,197,1609,412,923,306,1894,529,1156,407,1438,475,1223,346,1131,244,551,163,1432,216,536,150,1343,309,722,208,1571,305,709,230,1521,275,695,192,1479,363,1073,252,1716,352,966,279,1602,342,977,233,1425,289,838,231,1232,216,730,191,933,108,419,95,1215,78,313,62,1382,196,602,145,1355,215,765,173,1473,263,963,216,1095,175,703,154,1159,160,645,129,1136,139,557,110,1292,133,554,110,1321,181,702,149,1249,184,735,161,1206,116,512,95,1120,110,596,104,1089,106,415,77,1318,148,625,131,1353,81,598,75,1292,123,815,107,1181,63,562,57,1450,118,690,108,1534,130,605,104
7R,2337,734,1766,557,2305,611,1374,459,2388,591,1477,442,2790,840,1856,610,2656,1067,2207,827,2457,925,2376,672,1838,522,1163,351,2259,305,746,212,2181,596,1355,393,2951,450,1038,340,3003,667,1672,460,2839,741,2197,521,3494,907,2530,722,3397,1105,3207,762,3372,1316,3612,1004,3111,1060,3455,916,2430,773,2640,641,2464,772,2618,626,2513,819,2346,597,2444,799,2695,639,2457,741,2638,628,2183,689,2671,586,2400,736,2732,588,2395,694,2554,541,2393,649,2314,508,2117,655,2276,512,1882,554,2186,483,1916,358,1590,299,2025,444,2134,420,1891,426,1672,333,2094,519,2236,479,2203,341,2010,297,2355,448,2517,396,2086,320,2162,295,2140,442,2336,418,2146,363,1840,314
7S,2012,543,1311,416,2042,420,921,309,2226,464,1149,344,2432,587,1304,432,2491,733,1540,565,2102,759,1940,549,1481,397,885,266,2138,302,743,207,1922,467,1072,310,2405,404,939,304,2463,538,1350,370,2393,624,1842,439,3053,793,2216,629,2847,919,2660,639,2853,1016,2832,785,2536,844,2758,732,2050,573,1962,473,1958,437,1499,360,1992,444,1306,329,2066,498,1726,404,1923,465,1681,386,1681,309,1230,258,1940,287,1095,231,1992,336,1308,269,2017,337,1270,267,2047,345,1260,271,1634,305,1194,257,1756,245,1099,189,1948,246,1265,233,2071,317,1249,250,2113,337,1435,305,2409,223,1424,198,2447,394,2249,342,2129,234,1685,219,2273,320,1700,298,2158,307,1508,266
8A,533,165,389,127,726,219,493,165,680,189,461,140,700,176,390,126,871,251,545,193,679,281,728,209,593,225,494,150,761,158,381,111,797,287,645,188,753,296,684,224,809,204,510,141,804,248,737,176,1018,342,928,271,1054,385,1092,261,1140,417,1151,321,1001,353,1156,306,801,280,926,227,964,288,954,227,875,326,945,242,1094,337,1159,271,1045,330,1176,271,1002,314,1214,262,1088,367,1325,281,1069,358,1303,274,1183,353,1263,273,1189,388,1376,304,1111,328,1290,279,1094,311,1320,246,1237,272,1316,257,1341,341,1373,276,1510,369,1592,343,1641,294,1721,258,1659,361,2058,312,1485,282,1887,269,1701,357,1867,335,1636,340,1666,292
8C,41,7,12,6,42,8,11,4,45,7,13,4,54,6,13,4,61,9,15,5,58,27,59,18,66,44,77,29,74,51,88,34,71,38,81,31,61,31,105,28,95,47,130,40,88,60,140,50,105,48,122,45,84,63,132,36,93,57,164,56,123,55,195,74,101,33,134,36,93,44,176,47,88,32,118,28,89,28,116,33,105,32,145,39,96,27,158,39,90,35,123,33,119,26,116,30,76,19,93,11,150,34,130,33,127,42,147,39,101,32,126,37,190,17,101,28,154,25,88,26,126,34,102,35,164,10,173,19,200,39,178,35,154,37,87,25,173,40,132,47,121,19,106,41
8F,1190,405,982,319,1277,397,892,298,1464,393,971,286,1446,459,1008,331,1629,450,975,337,1290,489,1237,352,1191,448,1002,300,1391,255,621,171,1450,467,1060,305,1521,483,1107,364,1590,430,1085,297,1604,525,1554,367,1844,567,1588,456,1843,602,1728,417,1956,731,2008,568,1739,516,1729,457,1497,523,1784,437,1731,516,1730,415,1730,673,1939,499,1995,730,2475,587,2002,598,2142,503,2069,704,2755,604,2132,852,3111,670,2430,803,2912,614,2759,806,2936,639,2980,961,3408,772,2730,772,2979,654,2301,608,2632,492,2420,599,2890,571,2449,612,2400,478,2620,664,2833,607,2557,457,2687,406,2486,556,3118,483,2425,412,2816,388,2769,548,2904,508,2502,466,2245,398
8G,1332,425,1020,317,1541,603,1348,449,1511,409,1018,307,1502,461,1017,338,1833,540,1175,417,1525,575,1442,410,1364,501,1102,336,1818,513,1274,358,1595,515,1185,339,1763,504,1154,377,1966,548,1382,382,1842,551,1640,394,2272,737,2053,589,2273,858,2453,590,2409,1011,2788,781,2297,802,2574,685,1889,710,2365,581,1928,706,2418,585,1986,854,2438,636,2308,813,2766,654,2172,728,2591,616,2108,739,2878,631,2365,926,3325,720,2445,907,3272,686,2798,930,3349,751,2965,975,3407,780,2744,894,3481,766,2682,699,3048,576,2899,710,3370,670,2907,720,2836,569,2929,766,3273,707,3210,578,3377,510,2676,635,3578,559,2668,457,3062,426,2971,674,3525,632,2803,588,2704,517
8H,1038,324,756,242,1105,122,240,85,1406,315,766,235,1554,447,986,326,1745,520,1125,394,1705,620,1605,453,1546,519,1163,349,2000,392,960,266,1853,591,1343,388,2242,591,1359,440,2344,667,1655,461,2292,693,2163,521,2579,969,2713,796,2473,897,2609,623,2656,1108,3082,846,2438,806,2642,704,2036,773,2614,635,1839,723,2466,581,2004,667,1992,505,2174,845,2912,695,2210,718,2578,605,1980,745,2961,651,2325,884,3272,708,2461,904,3370,711,2706,920,3409,735,2835,987,3505,777,2778,923,3581,805,2562,763,3277,607,2649,679,3328,656,2460,686,2721,519,2493,715,3066,662,2742,485,2890,435,2594,634,3632,560,2721,450,2999,412,2690,560,2935,523,2512,601,2628,532
8J,1641,525,1249,408,1714,496,1164,399,1625,440,1106,328,1723,527,1198,379,1718,505,1089,395,1655,575,1459,419,1266,448,988,300,1592,346,854,245,1426,400,905,267,1647,446,1026,333,1902,490,1226,344,1834,509,1536,364,1908,609,1657,480,2079,669,1897,456,2012,772,2116,598,1762,538,1722,461,1467,437,1489,360,1702,470,1622,383,1640,611,1732,451,1745,492,1691,408,1524,416,1447,340,1660,485,1901,417,1909,588,2165,474,2114,646,2361,509,2273,696,2493,548,2355,712,2552,567,2059,571,2225,497,2188,469,2020,367,1870,495,2306,466,1909,416,1629,318,1892,439,1887,409,2049,327,1927,289,1969,395,2257,352,1965,258,1737,232,2155,348,1896,325,2015,338,1700,294
8M,1092,346,824,260,1123,297,667,220,1226,350,861,262,1369,403,892,297,1612,470,1024,364,1236,437,1106,312,1202,421,930,281,1620,430,1051,295,1393,444,1014,295,1702,462,1054,347,1487,449,1119,306,1620,486,1451,346,1629,549,1539,436,1482,556,1625,390,1494,620,1711,481,1265,520,1689,446,1009,304,1077,251,881,175,658,160,1050,273,817,202,1055,299,1020,232,1017,315,1125,258,1051,246,1023,218,1124,240,921,199,1077,242,991,202,1365,259,1009,211,1191,289,1072,238,1466,331,1254,287,1323,298,1335,233,1583,264,1394,259,1566,363,1445,261,1548,359,1536,330,1565,258,1602,229,1364,331,1987,299,1364,243,1629,216,1373,291,1584,275,1304,336,1297,306
8N,1494,512,1225,393,1693,632,1422,474,1558,437,1091,326,1595,336,737,243,1779,314,671,236,1489,350,876,251,1592,358,801,247,2187,306,763,214,2045,751,1728,496,2261,903,2096,684,2397,880,2210,612,2447,837,2508,590,2566,937,2632,746,2530,847,2442,585,2502,1162,3191,900,2215,919,2979,794,1806,792,2622,646,1515,721,2389,585,1586,490,1433,371,1597,539,1855,437,1594,542,1922,459,1415,618,2369,524,1561,451,1650,349,1845,615,2229,471,1848,627,2270,500,1893,662,2287,516,1862,678,2628,578,1855,516,2207,416,1820,490,2304,470,1789,483,1907,380,1770,523,2229,488,1775,350,2012,302,1725,381,2160,338,1628,308,2060,295,1803,434,2258,412,1609,362,1765,313
8P,1439,487,1177,372,1594,568,1283,425,1480,485,1231,361,1486,470,1056,349,1781,547,1188,419,1288,528,1358,387,1207,408,912,275,1541,284,703,195,1514,477,1081,309,1834,584,1345,442,1826,557,1387,384,1763,556,1671,399,1961,606,1690,477,1908,599,1753,423,2160,754,2068,577,1707,553,1794,479,1218,347,1160,287,1052,163,597,141,1211,217,663,169,1354,276,964,224,1217,358,1246,298,1099,228,908,200,1065,223,846,178,1214,145,608,123,1191,224,834,167,1109,198,742,163,1183,193,738,166,1089,127,569,87,1189,102,622,104,1228,127,494,87,1231,147,616,131,1521,81,634,79,1198,161,1106,150,1397,106,802,90,1504,160,878,144,1371,259,871,232
8R,1262,417,1005,318,1284,448,1005,335,1314,396,995,296,1461,435,962,318,1597,588,1265,452,1292,671,1728,486,1104,575,1284,389,1321,314,765,214,1256,560,1269,365,1468,606,1402,457,1397,520,1291,355,1574,485,1432,338,1554,599,1664,473,1604,572,1646,398,1658,737,1992,559,1507,596,1926,514,1179,650,2138,522,1174,398,1371,328,1059,332,970,246,1150,434,1484,346,1285,405,1482,352,1336,437,1709,374,1405,604,2164,471,1547,566,2080,446,1688,575,2084,454,1660,661,2298,519,1620,583,2263,504,1500,438,1888,360,1576,400,1898,380,1309,414,1629,323,1433,467,2019,436,1470,310,1835,279,1428,419,2342,367,1572,311,2031,293,1631,399,2080,378,1774,386,1808,338
8S,839,279,670,212,882,290,649,217,886,264,657,197,981,307,676,223,988,276,599,209,884,315,805,232,546,150,333,100,738,11,24,6,792,224,511,147,974,150,340,114,1095,213,531,146,1220,292,858,205,1269,326,929,260,1245,392,1156,272,1105,490,1376,384,882,154,569,144,764,125,492,111,803,146,528,121,709,168,504,130,692,89,334,73,737,51,276,56,777,118,528,104,859,162,621,133,863,160,661,129,901,157,623,130,868,206,722,161,754,213,806,178,675,128,560,98,883,102,563,101,801,148,587,108,795,157,671,143,836,93,627,84,947,177,1082,160,968,116,835,107,1074,192,1027,177,1082,213,962,190
8T,1693,489,1191,377,1724,560,1260,420,1787,507,1258,377,2149,709,1571,520,2503,851,1855,658,1896,934,2399,677,1511,629,1399,424,1871,341,838,239,1620,532,1214,350,2269,545,1264,410,2180,733,1840,503,1960,672,2020,482,2396,805,2289,648,2174,760,2217,524,2172,882,2475,692,1628,600,2025,540,1175,354,1259,294,1249,192,734,163,1374,294,884,218,1535,344,1222,290,1442,342,1274,298,1457,319,1334,286,1504,272,1102,236,1423,216,1005,208,1585,212,934,176,1282,209,826,164,1295,224,882,204,1385,175,864,124,1389,121,790,128,1720,208,815,122,1730,241,1059,224,2284,148,1146,141,1977,286,2038,275,1891,192,1400,153,1983,256,1483,235,2056,539,1366,511
8W,1431,415,1000,312,1400,229,507,176,1641,410,1014,301,1902,540,1201,396,1694,769,1574,594,1583,611,1571,443,1185,402,884,263,1588,341,835,229,1474,410,933,275,1843,386,895,295,1677,469,1179,325,1594,404,1187,279,1934,489,1367,391,1941,571,1636,395,1850,574,1590,440,1551,382,1267,335,1016,244,849,199,1067,131,495,111,1166,189,600,146,1419,274,969,223,1312,357,1249,289,1175,252,993,207,1294,190,737,159,1393,202,791,163,1321,226,879,200,1273,185,725,147,1219,159,628,140,1204,122,582,102,1200,94,583,91,1360,125,479,84,1372,167,707,149,1573,81,654,70,1724,165,1155,149,1644,133,1018,123,1780,185,1042,167,1843,240,1004,209
8X,1948,558,1338,427,2149,681,1527,504,2083,601,1520,455,1991,463,1025,337,2090,402,860,305,1903,448,1150,325,1723,392,876,266,2603,880,2172,613,2020,725,1663,481,2751,731,1687,552,2678,901,2249,624,2389,915,2768,647,2812,935,2707,747,2666,1011,3004,717,2703,1228,3454,951,1934,854,2791,741,1354,406,1448,343,1506,222,870,192,1629,467,1367,347,1878,518,1811,429,1783,596,2163,513,1748,417,1727,374,1672,459,1787,388,1600,404,1661,342,1846,356,1436,311,1631,418,1557,337,1505,440,1671,381,1685,359,1617,272,1545,277,1466,276,1827,342,1358,242,1956,389,1673,357,2521,341,2127,303,2222,433,2639,398,2058,338,2253,294,2332,434,2340,406,2327,556,1841,518
8Y,1486,423,1016,323,1551,438,992,328,1540,385,959,286,1734,538,1183,388,1427,589,1213,457,1424,533,1357,382,1048,376,846,257,1316,240,582,164,1262,366,843,242,1624,260,596,195,1673,412,1026,280,1558,471,1388,329,1761,552,1487,436,1649,559,1586,379,1701,516,1429,400,1357,352,1166,307,1005,200,699,170,944,130,457,104,1130,253,730,185,1247,272,924,221,1257,290,1069,240,1011,202,820,176,1279,172,659,132,1313,219,860,174,1344,284,1071,232,1235,212,813,171,1102,187,747,163,1319,172,769,137,1283,135,724,129,1340,175,697,133,1269,188,791,173,1534,114,786,102,1512,231,1352,202,1246,126,920,111,1389,172,916,156,1252,199,866,178
9A,390,117,275,89,474,51,106,38,517,135,332,99,539,136,297,98,479,149,308,117,444,124,308,87,515,88,199,59,650,173,431,121,567,154,361,106,577,115,265,85,566,163,404,111,552,120,353,82,757,164,440,127,847,226,631,153,802,248,698,192,807,203,658,174,659,203,692,166,834,209,707,167,788,209,636,160,953,272,922,215,939,233,810,186,854,242,937,206,951,303,1086,232,1025,280,1000,210,1039,291,1062,231,1013,255,895,200,877,221,879,185,865,207,891,167,1016,194,935,181,889,167,669,133,943,197,828,175,1132,154,965,140,1201,211,1252,185,1143,168,1199,158,1365,217,1137,199,1276,216,1104,196
9F,432,117,273,87,464,101,218,74,438,99,232,71,493,120,269,91,506,163,337,128,505,164,415,119,489,164,362,108,692,181,435,123,650,228,515,144,676,192,450,151,777,199,506,139,810,186,536,135,897,243,660,193,920,248,705,169,898,337,926,259,1022,240,778,208,751,248,825,198,832,293,987,241,772,181,529,130,920,192,681,157,884,211,752,174,903,249,952,206,964,319,1142,242,994,277,1002,211,1020,291,1050,232,963,284,1012,224,960,259,1002,217,764,183,789,155,831,150,765,143,885,187,736,146,974,203,842,183,894,148,905,132,983,166,981,151,870,140,968,134,1021,191,1025,172,964,158,794,133
9G,375,106,252,80,256,18,43,14,315,55,141,41,352,97,205,68,326,85,168,62,305,89,227,60,318,64,141,46,432,100,238,67,414,123,278,85,456,96,219,71,489,114,288,79,495,120,346,81,626,184,512,145,605,159,450,107,617,216,614,172,641,177,580,152,463,169,583,144,502,180,614,146,471,91,296,71,540,122,416,98,582,158,580,132,538,141,579,122,563,167,645,139,581,183,681,146,735,217,809,171,650,229,800,178,639,220,835,179,593,154,671,115,606,119,635,116,587,164,632,122,704,179,765,167,671,131,793,116,682,143,887,126,604,103,714,94,669,176,939,161,694,159,745,140
9H,2584,907,2189,699,3048,952,2142,712,2918,937,2334,698,2996,836,1845,609,2841,1207,2463,927,2583,921,2349,668,2150,616,1382,418,2901,482,1172,329,3027,974,2221,643,3449,948,2196,714,3659,1008,2514,696,3937,1119,3299,773,4545,1494,4106,1186,4375,1377,3934,945,4013,1680,4631,1300,3582,963,3179,833,3378,921,3167,758,3260,737,2558,603,3461,876,2595,652,3918,918,3179,733,3580,806,2963,669,4215,941,3743,788,4464,1066,4020,839,4642,1193,4468,934,5137,1301,4831,1046,4784,1297,4639,1029,4532,1282,5032,1107,4261,877,3844,700,4073,824,4092,780,3861,840,3288,638,3981,887,3814,830,4107,634,3851,564,3726,811,4785,720,3480,468,3371,434,3391,631,3353,576,3676,601,2668,531
9J,2395,725,1726,554,2449,590,1295,435,2534,689,1709,512,2628,704,1544,513,2396,819,1672,629,2175,689,1762,501,1813,472,1040,318,2432,401,975,274,2840,1079,2466,714,2757,890,2048,671,3091,875,2191,602,3149,1005,2971,701,3694,1378,3806,1096,2974,1172,3330,801,3149,1319,3605,1010,2599,956,3103,828,1972,547,1892,453,1907,330,1174,259,2343,520,1583,398,2505,749,2585,602,2176,583,2132,485,2196,586,2342,490,2340,614,2326,486,2475,614,2328,484,2809,670,2493,535,2661,711,2569,565,2443,654,2557,563,2377,466,2088,380,2510,402,2076,385,2563,522,2048,405,2805,631,2716,583,2787,463,2814,412,2701,587,3405,517,2629,348,2479,318,2854,538,2817,499,2627,512,2483,452
9K,1266,421,1017,324,1336,427,968,321,1325,396,989,297,1310,384,857,280,1153,424,872,332,1046,365,930,261,795,127,285,84,1078,102,250,76,1354,264,603,176,1301,358,816,268,1537,384,949,261,1736,435,1291,305,2040,692,1887,545,2017,627,1825,440,1985,838,2301,646,1748,508,1664,442,1289,370,1271,304,1221,241,856,196,1319,295,874,220,1578,349,1251,287,1328,311,1182,260,1475,261,1079,224,1472,279,1044,223,1524,271,1048,206,1672,254,991,202,1535,312,1158,249,1518,303,1187,264,1556,246,1078,183,1631,203,1135,193,1770,264,1033,192,1848,322,1359,292,1776,244,1502,217,1544,363,2174,320,1542,185,1329,163,1710,330,1749,311,1530,306,1316,266
9M,1367,511,1244,394,1279,376,842,280,1439,404,1002,298,1548,549,1220,402,1393,580,1187,447,1268,456,1162,330,1057,221,485,146,1406,150,361,104,1739,552,1261,363,1717,545,1262,411,1854,435,1077,297,2065,590,1767,412,2249,785,2169,629,2145,716,2043,494,2251,916,2508,707,1725,703,2277,600,1411,435,1460,350,1274,221,801,184,1409,258,769,189,1580,333,1155,263,1323,490,1736,412,1698,371,1472,305,1523,397,1472,318,1497,351,1341,276,1649,316,1204,258,1487,319,1153,255,1324,297,1165,257,1432,232,1056,189,1466,225,1153,219,1427,234,927,180,1502,262,1097,238,1562,192,1189,172,1256,283,1662,252,1319,129,968,123,1206,209,1093,193,1146,192,867,166
9N,668,240,576,183,588,109,242,81,584,140,356,105,673,177,394,128,591,238,490,185,584,171,439,125,556,132,288,86,675,141,353,96,682,199,452,129,840,161,373,123,782,259,637,176,868,250,737,176,1055,314,885,253,948,346,976,237,1034,418,1138,316,804,284,934,250,595,198,660,163,631,104,346,79,789,180,517,133,800,324,1112,264,709,177,623,142,856,210,824,182,923,302,1094,242,857,246,917,191,1010,221,822,180,723,228,827,184,785,205,813,188,732,133,585,111,790,138,708,132,779,159,614,118,797,166,713,153,891,112,715,100,719,195,1152,176,772,93,708,86,716,136,761,128,760,144,702,119
9P,2714,999,2421,768,2449,646,1461,489,2632,613,1516,453,3020,967,2151,712,2727,1180,2415,916,2453,822,2105,597,2176,449,999,305,3015,271,653,188,2918,1054,2410,692,3458,747,1727,561,3481,1075,2692,743,3632,1125,3360,792,4173,1430,3972,1131,3751,1392,4010,958,4070,1635,4467,1266,2883,1019,3291,869,2105,654,2260,543,2077,331,1202,262,2476,485,1463,361,2572,566,1954,458,2368,447,1695,382,2266,416,1678,348,2394,393,1553,315,2411,282,1176,239,2486,288,1209,235,2325,291,1164,223,2498,312,1258,268,2486,254,1230,181,2257,150,1060,146,2764,274,1033,177,2772,358,1518,316,3007,195,1611,185,2503,392,2753,357,2660,166,1486,131,2525,340,1948,311,2249,432,1321,405
9R,671,213,510,161,715,189,426,140,750,208,515,154,766,241,539,179,687,242,497,188,622,203,529,147,531,88,200,60,735,100,241,63,835,255,576,167,848,231,529,170,942,299,758,210,943,316,939,218,985,322,910,256,1031,334,968,228,1020,406,1125,317,671,279,933,243,588,209,697,168,599,69,285,64,628,179,520,129,553,105,375,90,516,85,326,73,523,90,377,75,476,68,270,57,583,66,278,58,574,129,505,106,500,72,282,56,436,50,192,44,491,39,208,32,452,21,146,16,587,37,127,19,568,52,212,46,653,32,283,29,559,72,505,63,626,39,331,36,541,67,414,63,551,78,334,69
9S,280,113,278,88,375,69,161,54,518,126,318,94,565,194,429,140,487,221,456,174,508,183,467,132,409,130,291,87,351,70,180,51,327,99,231,66,355,34,81,27,351,60,154,44,356,88,261,63,449,124,335,100,489,130,372,88,429,187,491,139,299,108,339,93,205,58,197,47,203,18,65,16,170,33,100,23,162,28,94,20,148,19,72,14,145,18,87,22,112,21,74,15,148,12,59,11,133,18,70,17,130,16,66,14,113,16,69,13,133,10,45,9,115,6,36,5,133,10,43,8,154,12,57,12,191,12,74,9,144,24,141,21,212,10,94,10,190,25,144,22,185,20,115,17
9T,767,251,606,192,857,180,407,135,887,226,570,170,973,287,636,211,883,334,687,259,795,239,615,174,709,135,299,91,878,110,270,78,941,304,695,202,1031,227,524,170,994,264,657,180,1128,317,940,222,1255,378,1056,300,1210,393,1144,276,1299,449,1226,341,916,358,1147,310,700,189,659,159,646,73,263,58,775,133,402,104,728,150,530,128,559,79,312,66,565,83,340,73,705,75,289,59,647,77,332,66,708,74,288,57,660,78,293,64,549,61,241,51,554,40,194,25,500,30,206,29,612,42,155,25,728,59,249,51,808,41,348,38,634,79,626,79,762,49,411,38,658,68,420,63,651,118,334,109
9W,997,346,841,265,856,238,537,180,929,256,644,190,1024,316,701,231,966,355,730,274,864,273,695,198,735,149,321,99,1100,106,251,67,999,302,695,200,1235,252,574,190,1257,336,835,229,1404,415,1226,292,1580,529,1454,419,1477,497,1396,333,1588,601,1641,463,1221,471,1529,412,917,321,1056,257,854,141,490,116,973,185,550,137,1000,231,810,189,998,194,694,158,938,221,890,196,978,183,680,142,884,154,624,128,935,145,549,120,782,137,510,104,815,139,544,117,779,113,490,82,854,85,475,80,917,108,419,81,932,127,535,117,877,65,496,61,743,103,698,87,851,57,533,52,716,91,533,84,817,107,487,99
9X,1033,321,779,245,889,203,449,147,1089,282,705,210,1118,342,755,247,1084,421,865,327,967,296,757,213,851,199,445,135,1158,172,428,121,1005,371,851,248,1189,281,648,211,1286,321,808,221,1233,406,1208,285,1456,473,1321,377,1387,425,1225,296,1316,617,1695,479,958,267,853,224,677,177,614,146,697,68,248,57,800,117,362,87,828,167,588,132,791,121,449,100,713,121,496,103,682,108,432,87,679,71,307,53,742,72,321,59,703,84,359,71,697,70,271,58,770,68,337,51,634,41,295,39,714,61,232,32,792,79,339,67,880,45,414,41,680,83,639,76,787,44,401,33,838,74,470,72,866,135,418,122
9Y,628,207,496,158,605,225,517,171,598,131,334,98,717,237,521,172,584,257,531,201,671,192,498,139,623,199,451,137,774,208,514,145,659,278,632,184,803,218,511,169,785,250,621,170,761,280,825,196,957,324,917,259,959,376,1082,256,922,471,1262,355,676,264,858,228,617,253,857,211,550,172,574,143,579,76,246,61,627,194,677,158,600,166,577,135,558,142,564,121,491,161,589,128,509,123,453,93,575,102,415,85,487,128,450,104,486,121,471,105,485,65,291,60,489,69,386,69,551,77,307,60,611,105,458,98,746,110,690,100,600,147,875,130,625,88,623,80,679,118,641,111,638,146,624,131
